{
  "spt_ex": {
    "access_key": "f8d3e594-991d-48d5-9560-9d4193733290",
    "secret_key": "6595A5938CDB28DA31DA9D39F71FEE7B"
  },
  "fut_ex": {
    "access_key": "f8d3e594-991d-48d5-9560-9d4193733290",
    "secret_key": "6595A5938CDB28DA31DA9D39F71FEE7B"
  },
  "spt_symbol": "ltc_cny",
  "fut_symbol": "ltc_usd",
  "fut_contract": "this_week",
  "fixed_amount": 1,
  "open_delta_limit": 1,
  "log_dir": "/tmp",
  "quote_period": 3,
  "update_period": 0.5,
  "ob_group_precise": 0.1,
  "ob_group_depth": 5
}